<?xml version="1.0" encoding="UTF-8"?>
<project-private xmlns="http://www.netbeans.org/ns/project-private/1">
    <editor-bookmarks xmlns="http://www.netbeans.org/ns/editor-bookmarks/2" lastBookmarkId="1">
        <file>
            <url>src/irrgarten/TestP1.java</url>
            <bookmark id="1">
                <name/>
                <line>29</line>
                <key/>
            </bookmark>
        </file>
    </editor-bookmarks>
    <open-files xmlns="http://www.netbeans.org/ns/projectui-open-files/2">
        <group>
            <file>file:/home/juanma/Escritorio/PDOO_PRACTICAS/Irrgarten/src/irrgarten/Directions.java</file>
            <file>file:/home/juanma/Escritorio/PDOO_PRACTICAS/Irrgarten/src/irrgarten/Game.java</file>
            <file>file:/home/juanma/Escritorio/PDOO_PRACTICAS/Irrgarten/src/irrgarten/Monster.java</file>
            <file>file:/home/juanma/Escritorio/PDOO_PRACTICAS/Irrgarten/src/irrgarten/Labyrinth.java</file>
            <file>file:/home/juanma/Escritorio/PDOO_PRACTICAS/Irrgarten/src/irrgarten/GameState.java</file>
        </group>
    </open-files>
</project-private>
